,X,Y,slope,gene
0,0.245,-0.002951394504627898,0.028526215797100633,ABL1
1,0.6627425310806316,0.007145692191951108,0.028526215797100633,ABL1
2,0.9177425310806316,0.016558581472919533,0.028526215797100633,ABL1
0,0.18219669610507244,-0.0004498298179940653,0.0063386683211844866,ABL2
1,0.47487081305505613,-0.0019682334873697927,0.0063386683211844866,ABL2
2,0.7116687378091969,0.00032122416210735613,0.0063386683211844866,ABL2
3,0.9189946208592132,0.004317835863994573,0.0063386683211844866,ABL2
0,0.12437343922056196,0.10229600402712344,-0.3601298554120947,AKT_i
1,0.2705993832978991,0.09735743740582697,-0.3601298554120947,AKT_i
2,0.34606796142091284,0.09382537146212136,-0.3601298554120947,AKT_i
3,0.441980022903453,0.09714629176425792,-0.3601298554120947,AKT_i
4,0.5009374352947371,-0.010377559302243253,-0.3601298554120947,AKT_i
5,0.5288121675474287,-0.1250311557350199,-0.3601298554120947,AKT_i
6,0.6212639942420514,-0.13024648147674983,-0.3601298554120947,AKT_i
7,0.8181262564294826,-0.12808053166258002,-0.3601298554120947,AKT_i
8,0.959375,-0.12550541381085056,-0.3601298554120947,AKT_i
0,0.0037867755681818124,0.009611052070996976,-0.022221114852157376,APC
1,0.010346492789903971,0.009355864794208578,-0.022221114852157376,APC
2,0.02247231398809521,0.00694609397788239,-0.022221114852157376,APC
3,0.18474002639996137,0.005061552466193451,-0.022221114852157376,APC
4,0.43785354103713947,0.004323795784099252,-0.022221114852157376,APC
5,0.5454509217819105,0.003315997074156248,-0.022221114852157376,APC
6,0.6557125571061571,-0.002601551705464271,-0.022221114852157376,APC
7,0.7695488795687604,-0.010721940750449854,-0.022221114852157376,APC
8,0.8902611328409626,-0.012924781015814974,-0.022221114852157376,APC
0,0.011572746408018041,0.011585055938458586,-0.01320288002200066,AXIN1
1,0.1462681632047309,0.0038129047050521926,-0.01320288002200066,AXIN1
2,0.3510865865437066,0.0023657189018181472,-0.01320288002200066,AXIN1
3,0.5605929848539586,-0.0018446895199859883,-0.01320288002200066,AXIN1
4,0.7308453931724495,-0.00516322680041216,-0.01320288002200066,AXIN1
5,0.8000839991537215,-0.00796743905339449,-0.01320288002200066,AXIN1
6,0.871416448561412,-0.009451866512978167,-0.01320288002200066,AXIN1
7,0.9310665482954545,-0.003355201365091886,-0.01320288002200066,AXIN1
8,0.9753125,0.004955522007966014,-0.01320288002200066,AXIN1
0,0.02464225072368039,0.03740807680576275,-0.01007226945545387,BAD
1,0.05806125291949243,0.00686707362809158,-0.01007226945545387,BAD
2,0.0965570287535714,-0.0072966103889927775,-0.01007226945545387,BAD
3,0.1343343999396952,-0.012210005933597959,-0.01007226945545387,BAD
4,0.1522236811455268,-0.020536481832290357,-0.01007226945545387,BAD
5,0.21534236941338747,-0.03098280538177281,-0.01007226945545387,BAD
6,0.3011075566707567,-0.015038306872851306,-0.01007226945545387,BAD
7,0.4874570072835822,0.0008741344257466727,-0.01007226945545387,BAD
8,0.8206645122626219,-0.0012777704353669206,-0.01007226945545387,BAD
0,0.04583775685817804,-0.0963277281279457,0.327001611644909,BAK1
1,0.1121677791796066,-0.09754234685149994,0.327001611644909,BAK1
2,0.1884481229568486,-0.08590061952627717,0.327001611644909,BAK1
3,0.28294301407390754,-0.06179146182458072,0.327001611644909,BAK1
4,0.404085972948676,0.025871565102672564,0.327001611644909,BAK1
5,0.5558185455997329,0.10563769830126189,0.327001611644909,BAK1
6,0.8125574860895444,0.10907505714731262,0.327001611644909,BAK1
0,0.06714000586146708,-0.03489352138671059,0.11507853952364099,BAX
1,0.10036532999931286,-0.03489352138671059,0.11507853952364099,BAX
2,0.13680566773960282,-0.0419149696329149,0.11507853952364099,BAX
3,0.17133027852488814,-0.05350843912073836,0.11507853952364099,BAX
4,0.2143855379781713,-0.01986162599542493,0.11507853952364099,BAX
5,0.28248809453704415,0.019114783332757623,0.11507853952364099,BAX
6,0.36401562281314204,0.01512969277342397,0.11507853952364099,BAX
7,0.6855950585532968,0.034717577559718375,0.11507853952364099,BAX
8,0.98362546022506,0.059048127866596446,0.11507853952364099,BAX
0,0.005297722772277225,0.03276814030415832,-0.21069995088364737,BCL2
1,0.01609483924954995,0.031133099762962326,-0.21069995088364737,BCL2
2,0.05138088372899789,0.02823545514340957,-0.21069995088364737,BCL2
3,0.18685856131595302,-0.026503795841714674,-0.21069995088364737,BCL2
4,0.36972822603242467,-0.08882432761709955,-0.21069995088364737,BCL2
5,0.7098066559780978,-0.10164822559744827,-0.21069995088364737,BCL2
0,0.016572727838645412,-0.0065241610504391916,0.010077262558208473,BCLXL
1,0.05942244604595257,2.4703190899219227e-05,0.010077262558208473,BCLXL
2,0.16808260458993704,0.007769143864677724,0.010077262558208473,BCLXL
3,0.45197911216145037,0.009619404797856165,0.010077262558208473,BCLXL
4,0.8254962257788205,0.007969599794061432,0.010077262558208473,BCLXL
5,0.99875,0.00765211724460045,0.010077262558208473,BCLXL
0,0.0009375,-0.1247029538286446,0.5183620894252989,BID
1,0.05858896530184454,-0.12356766872412105,0.5183620894252989,BID
2,0.16603791033259982,-0.12924819806080687,0.5183620894252989,BID
3,0.2357322229996306,-0.017457462108094998,0.5183620894252989,BID
4,0.2948654468962732,0.12883029280835873,0.5183620894252989,BID
5,0.38059017610290774,0.15056361363694476,0.5183620894252989,BID
6,0.7130705071755099,0.18338362262593094,0.5183620894252989,BID
0,0.0009375,-0.03171650693809476,0.03531671862364134,BIM
1,0.0030223537767379563,-0.029133739610831974,0.03531671862364134,BIM
2,0.008302819273381473,-0.011978132617757781,0.03531671862364134,BIM
3,0.09662888192390105,0.012254320904949975,0.03531671862364134,BIM
4,0.2414845359196628,0.023023180819428765,0.03531671862364134,BIM
5,0.3709916558458489,0.0163553223039873,0.03531671862364134,BIM
6,0.4583983431882182,0.010493885540159419,0.03531671862364134,BIM
7,0.5581182248881177,0.007353436694516505,0.03531671862364134,BIM
8,0.8196379180533432,0.002378446197169662,0.03531671862364134,BIM
0,0.039062500000000014,-0.02508047000293067,0.12675868876171886,CASP3
1,0.06221678892836371,-0.030610441974939666,0.12675868876171886,CASP3
2,0.07319262109837354,-0.021144164192704304,0.12675868876171886,CASP3
3,0.08453093435329319,-0.003836290711055259,0.12675868876171886,CASP3
4,0.12172595653175297,0.007189762165438322,0.12675868876171886,CASP3
5,0.18737163048024352,0.0036534159131359177,0.12675868876171886,CASP3
6,0.2423029361718369,-0.006708161292887359,0.12675868876171886,CASP3
7,0.29751798398027307,-0.005418276415514399,0.12675868876171886,CASP3
8,0.4000529679046519,0.0272835165738927,0.12675868876171886,CASP3
9,0.5612216836557746,0.0491260096207137,0.12675868876171886,CASP3
0,0.17150541948614506,-0.014776448611739995,-0.0038349029261966427,CASP8
1,0.23977305944210495,0.005256804166341375,-0.0038349029261966427,CASP8
2,0.3367446054002722,0.0243831855284953,-0.0038349029261966427,CASP8
3,0.48603684774950706,0.0418274351657273,-0.0038349029261966427,CASP8
4,0.6548948264781835,0.021505636296308892,-0.0038349029261966427,CASP8
5,0.8801492528784128,-0.015885588919367928,-0.0038349029261966427,CASP8
0,0.0346875,-0.10558311786281094,0.40741428806215285,CASP9
1,0.06281250000000001,-0.11066826932191628,0.40741428806215285,CASP9
2,0.08164620559365617,-0.10762718315734723,0.40741428806215285,CASP9
3,0.11198869784299856,-0.03785785401239285,0.40741428806215285,CASP9
4,0.16488217896860172,0.03053390291995689,0.40741428806215285,CASP9
5,0.23942587064780252,0.03259290221441452,0.40741428806215285,CASP9
6,0.302573624199591,0.0478829820969669,0.40741428806215285,CASP9
7,0.3643001613919616,0.07189696229287454,0.40741428806215285,CASP9
8,0.45364160589296715,0.08610454028336345,0.40741428806215285,CASP9
9,0.5789305088451749,0.09220224810521482,0.40741428806215285,CASP9
0,0.0032353351882722847,0.1323134066836505,-0.092607956633788,CDKN2A
1,0.011109105256347743,0.047695353286724765,-0.092607956633788,CDKN2A
2,0.017472209564337975,-0.04097583535931412,-0.092607956633788,CDKN2A
3,0.03140412835063299,-0.04516890825451805,-0.092607956633788,CDKN2A
4,0.15141749467119492,-0.05000683789319574,-0.092607956633788,CDKN2A
5,0.37638917015638385,-0.05226168586017235,-0.092607956633788,CDKN2A
6,0.602913307950077,-0.0488011619409941,-0.092607956633788,CDKN2A
7,0.8561359436105176,-0.04181325588520449,-0.092607956633788,CDKN2A
0,0.14562967887717343,-0.000529452524433332,0.005293067631844457,CEBPB
1,0.4049334294136776,-0.003436904546931295,0.005293067631844457,CEBPB
2,0.7580545838698376,0.001684369514740869,0.005293067631844457,CEBPB
3,0.9985079761904763,0.0058932682662278385,0.005293067631844457,CEBPB
4,0.9997571428571429,-0.0008597740097917236,0.005293067631844457,CEBPB
0,0.023268764863350905,0.034694206546178365,-0.07193666470369478,CREB1
1,0.06750746675348743,0.02583745080034129,-0.07193666470369478,CREB1
2,0.11921139522842097,0.012526380442808838,-0.07193666470369478,CREB1
3,0.20076427816385248,0.0005544090198628254,-0.07193666470369478,CREB1
4,0.34294791351550885,-0.009969663720194921,-0.07193666470369478,CREB1
5,0.4603713843320632,-0.015495004361664677,-0.07193666470369478,CREB1
6,0.49578427348027965,-0.021883819680013086,-0.07193666470369478,CREB1
7,0.7089559280029925,-0.02887698104792452,-0.07193666470369478,CREB1
8,0.9451367101648351,-0.03308385664555022,-0.07193666470369478,CREB1
0,0.19697098650182987,-0.0035240326742226828,0.013906762089133957,CTNNB1
1,0.5371567130136629,-0.003992484600570589,0.013906762089133957,CTNNB1
2,0.8268141354960747,-0.004990920382103536,0.013906762089133957,CTNNB1
3,0.9815748239987485,0.0072926250841756895,0.013906762089133957,CTNNB1
4,0.9929403571936513,0.011073122659360968,0.013906762089133957,CTNNB1
5,0.9979939421791444,0.002570074768266999,0.013906762089133957,CTNNB1
0,0.1033905862090988,0.04727396606057807,0.08919748578598269,CYCLIN_D_c
1,0.18437564714919188,-0.011073240417297,0.08919748578598269,CYCLIN_D_c
2,0.24152502169178408,-0.03812678614847646,0.08919748578598269,CYCLIN_D_c
3,0.2882603962862336,-0.038253232988574595,0.08919748578598269,CYCLIN_D_c
4,0.3443938687920558,-0.04676052523895709,0.08919748578598269,CYCLIN_D_c
5,0.4099326700493324,-0.03275056115220461,0.08919748578598269,CYCLIN_D_c
6,0.46994734249388537,-0.008327336374401556,0.08919748578598269,CYCLIN_D_c
7,0.5164698869587465,0.010157722409333367,0.08919748578598269,CYCLIN_D_c
8,0.7028391589809151,0.0386959462310569,0.08919748578598269,CYCLIN_D_c
9,0.9238692720221686,0.0690441101370517,0.08919748578598269,CYCLIN_D_c
0,0.022540040566678916,-0.006200727045550062,0.019005386847257257,CYCS
1,0.07269821194080853,-0.0062007270455499384,0.019005386847257257,CYCS
2,0.1510269775869933,-0.0026806998380134077,0.019005386847257257,CYCS
3,0.22527478596929074,-0.009611708903536334,0.019005386847257257,CYCS
4,0.3915532012859366,-0.005803661665674926,0.019005386847257257,CYCS
5,0.7671472215295096,0.008750178760282636,0.019005386847257257,CYCS
0,0.0030951647872794405,0.004904409665113858,-0.01646720223398092,DC
1,0.007212638881585438,0.011070546615428632,-0.01646720223398092,DC
2,0.015088706583967361,0.006508902324387113,-0.01646720223398092,DC
3,0.2229696474158475,0.0015898309219731627,-0.01646720223398092,DC
4,0.4785797854856151,-0.0008890098264697742,-0.01646720223398092,DC
5,0.6360410132992873,-0.004738978315609757,-0.01646720223398092,DC
6,0.8582354334641248,-0.007642301735921349,-0.01646720223398092,DC
7,0.9887757907242665,-0.0076423017359214165,-0.01646720223398092,DC
0,0.29499999999999993,0.0703640433137793,-0.734837834468275,DLL_i
1,0.34500000000000003,0.07337456834867946,-0.734837834468275,DLL_i
2,0.38000000000000006,0.060372417543041935,-0.734837834468275,DLL_i
3,0.41500000000000004,0.04854445850027223,-0.734837834468275,DLL_i
4,0.44499999999999995,0.04390555560233735,-0.734837834468275,DLL_i
5,0.48,0.03263484418283827,-0.734837834468275,DLL_i
6,0.5150000000000001,-0.03173576054993281,-0.734837834468275,DLL_i
7,0.5450000000000002,-0.09958281668350748,-0.734837834468275,DLL_i
8,0.5800000000000001,-0.136467452094451,-0.734837834468275,DLL_i
9,0.6799999999999999,-0.16716216057471123,-0.734837834468275,DLL_i
0,0.019529113339957008,0.011269833026111356,-0.02553630023287505,DVL1
1,0.4836693247721406,0.002596706918236394,-0.02553630023287505,DVL1
2,0.9412779428175331,0.0010824124875471498,-0.02553630023287505,DVL1
3,0.9686659470814623,-0.011530425119751182,-0.02553630023287505,DVL1
4,0.9915282156961128,-0.02405425347291153,-0.02553630023287505,DVL1
0,0.10408472778065286,0.019484827117266693,0.15524629153917213,E2F1
1,0.2042781904108449,-0.02531799022770219,0.15524629153917213,E2F1
2,0.2873396918740441,-0.03532944484124849,0.15524629153917213,E2F1
3,0.3351865146412881,-0.0413713250331232,0.15524629153917213,E2F1
4,0.3813287152709397,-0.04616290339139195,0.15524629153917213,E2F1
5,0.43471635651857105,-0.03554481846166019,0.15524629153917213,E2F1
6,0.46670743929522435,-0.026581607347236344,0.15524629153917213,E2F1
7,0.5073535748888967,0.014236278473587334,0.15524629153917213,E2F1
8,0.6922245132341268,0.06602670470301539,0.15524629153917213,E2F1
9,0.8989334383452301,0.10112061487027268,0.15524629153917213,E2F1
0,0.28,-0.020912074464297863,0.08729551533598522,EGF
1,0.36500000000000005,-0.016958299679078373,0.08729551533598522,EGF
2,0.41500000000000004,-0.010089497020300478,0.08729551533598522,EGF
3,0.46499999999999997,-0.0018377228253354597,0.08729551533598522,EGF
4,0.5150000000000001,0.0052846324645993495,0.08729551533598522,EGF
5,0.5450000000000002,0.010382521657464353,0.08729551533598522,EGF
6,0.7800000000000001,0.018933769008589924,0.08729551533598522,EGF
0,0.008516927270852083,0.03476169658953037,-0.028954991843149938,EGFR
1,0.03173223977085207,0.031775773996690404,-0.028954991843149938,EGFR
2,0.0578491096073893,0.013123236041417727,-0.028954991843149938,EGFR
3,0.08196183239447064,-0.022375037595889984,-0.028954991843149938,EGFR
4,0.12063385160132552,-0.03579085887636073,-0.028954991843149938,EGFR
5,0.23393081631424417,-0.02965031688728495,-0.028954991843149938,EGFR
6,0.36250000000000004,-0.025919611589877184,-0.028954991843149938,EGFR
7,0.4881250000000001,-0.01101044460760165,-0.028954991843149938,EGFR
8,0.689591218317438,0.005334750261587723,-0.028954991843149938,EGFR
0,0.07631217399864984,0.17332452293381004,-0.4964899394507284,EIF4E
1,0.12471524050619345,0.14554852268575644,-0.4964899394507284,EIF4E
2,0.1735941275221272,0.10313937640783001,-0.4964899394507284,EIF4E
3,0.21448133348602713,0.0700026218489978,-0.4964899394507284,EIF4E
4,0.2623967691858471,0.014926289536764725,-0.4964899394507284,EIF4E
5,0.30276063629800476,-0.02869728988160447,-0.4964899394507284,EIF4E
6,0.3332844941480755,-0.03714026740121179,-0.4964899394507284,EIF4E
7,0.41795829180462685,-0.09574659797942614,-0.4964899394507284,EIF4E
8,0.5879084026951802,-0.1672895789109708,-0.4964899394507284,EIF4E
9,0.8472599085243346,-0.1816183511488127,-0.4964899394507284,EIF4E
0,0.17437500000000003,0.06743607207719637,-0.20383848967821558,ERK_i
1,0.2625,0.0663498873611285,-0.20383848967821558,ERK_i
2,0.339623117968154,0.061473463624136776,-0.20383848967821558,ERK_i
3,0.505873117968154,0.053365852577087036,-0.20383848967821558,ERK_i
4,0.6453658197463767,0.026430826902311445,-0.20383848967821558,ERK_i
5,0.7037406438140188,-0.023535932824642572,-0.20383848967821558,ERK_i
6,0.7660074687057317,-0.053202894395236636,-0.20383848967821558,ERK_i
7,0.8484912123208836,-0.061917022350313586,-0.20383848967821558,ERK_i
8,0.9277212462542226,-0.06957004323663495,-0.20383848967821558,ERK_i
9,0.9774876785714286,-0.07082679166016896,-0.20383848967821558,ERK_i
0,0.31499999999999995,-0.02243928147889919,0.1829166530671494,ES
1,0.38,-0.025317215819858706,0.1829166530671494,ES
2,0.44499999999999995,-0.019896342881588838,0.1829166530671494,ES
3,0.48,0.006993825639278053,0.1829166530671494,ES
4,0.5150000000000001,0.0305411677653344,0.1829166530671494,ES
5,0.565,0.026308413861392946,0.1829166530671494,ES
6,0.615,0.011654575694562075,0.1829166530671494,ES
0,0.23013709610421948,0.0695838354223419,-0.2346163060263301,ESR1
1,0.6734700803603365,0.0009156986529679917,-0.2346163060263301,ESR1
2,0.9040833320989183,-0.04325880372332423,-0.2346163060263301,ESR1
3,0.9345622215247338,-0.07592939295333408,-0.2346163060263301,ESR1
4,0.9510999501825472,-0.11257452335189504,-0.2346163060263301,ESR1
5,0.9688711761663455,-0.11905765398857492,-0.2346163060263301,ESR1
0,0.22804941134577983,0.06182716475552298,-0.1291429290172272,FADD
1,0.5460009955822159,0.07196207392485787,-0.1291429290172272,FADD
2,0.7848930691044663,0.05966231930926784,-0.1291429290172272,FADD
3,0.9375305172094044,-0.0026186025501026763,-0.1291429290172272,FADD
4,0.9705890323413742,-0.05379569889660451,-0.1291429290172272,FADD
0,0.1031516703787493,-0.008031892694771475,0.04003172853371842,FAS
1,0.2757890870858187,-0.006799628531330401,0.04003172853371842,FAS
2,0.4193269922445236,0.0016782247640610651,0.04003172853371842,FAS
3,0.508749708130015,0.008550392039721478,0.04003172853371842,FAS
4,0.6731113307607994,0.014364273400418766,0.04003172853371842,FAS
5,0.9110511981682388,0.021319346936589746,0.04003172853371842,FAS
0,0.25,-7.861018333226092e-05,0.0007467967416564787,FASLG
1,0.75,0.0002947881874959784,0.0007467967416564787,FASLG
0,0.005761679248340056,-0.026301356959224767,0.09966128973538708,FOXO1
1,0.013507255963535737,-0.022024581512179973,0.09966128973538708,FOXO1
2,0.17992506532360275,-0.015498774900612976,0.09966128973538708,FOXO1
3,0.3772884527649384,-0.012041907712366164,0.09966128973538708,FOXO1
4,0.41732529576556554,-0.013397268278395023,0.09966128973538708,FOXO1
5,0.43760893201935,-0.006340475482456639,0.09966128973538708,FOXO1
6,0.5135266624391187,0.0167855187105254,0.09966128973538708,FOXO1
7,0.6337951382774142,0.0475185306209074,0.09966128973538708,FOXO1
8,0.7974515445202539,0.05449561729301923,0.09966128973538708,FOXO1
0,0.045000000000000005,-0.3983769931687642,1.2468628840360598,FOXO3
1,0.15346380984730848,-0.40268040347191086,1.2468628840360598,FOXO3
2,0.27469134522787947,-0.39925246631115924,1.2468628840360598,FOXO3
3,0.38859463788547455,-0.3938706149692203,1.2468628840360598,FOXO3
4,0.4852279193397897,-0.17721042680802607,1.2468628840360598,FOXO3
5,0.5518896143892339,0.04021980035104922,1.2468628840360598,FOXO3
6,0.6754402093038303,0.3420135638992506,1.2468628840360598,FOXO3
7,0.8081006304994824,0.5666193165990754,1.2468628840360598,FOXO3
8,0.8833630197606788,0.46489092060624476,1.2468628840360598,FOXO3
9,0.928229718130244,0.42835510974015384,1.2468628840360598,FOXO3
0,0.12706339638157893,0.016470922268875147,-0.12910918106943697,FZD3
1,0.31705939965378116,0.027077554729152575,-0.12910918106943697,FZD3
2,0.43623177020028137,0.03729578067719151,-0.12910918106943697,FZD3
3,0.5046325082275614,0.03887782610263128,-0.12910918106943697,FZD3
4,0.5668342412994825,0.03779288799416839,-0.12910918106943697,FZD3
5,0.659375,-0.0201542733467195,-0.12910918106943697,FZD3
6,0.8509374999999999,-0.08221839856279262,-0.12910918106943697,FZD3
0,0.008510178571428568,0.024751576964932666,-0.10603866286364946,GATA3
1,0.06467311764465512,-0.010763624991269583,-0.10603866286364946,GATA3
2,0.5561629390732266,-0.045704227462358415,-0.10603866286364946,GATA3
0,0.32182081920018885,0.005955491891735781,-0.04756235432562731,GRB2
1,0.6591430548288949,0.00758222904729838,-0.04756235432562731,GRB2
2,0.6855214943018325,0.009502187040234391,-0.04756235432562731,GRB2
3,0.7573627314686895,-0.0073732040956514915,-0.04756235432562731,GRB2
4,0.8654134727955631,-0.016107548074944612,-0.04756235432562731,GRB2
5,0.9274045607154715,-0.022353703901718473,-0.04756235432562731,GRB2
0,0.11940351941134632,0.021657972533802042,-0.06632048209436649,GRB7
1,0.335377134116929,0.01308393136606247,-0.06632048209436649,GRB7
2,0.44170889847768646,0.009061188503151782,-0.06632048209436649,GRB7
3,0.4804258839557012,0.010001656429925187,-0.06632048209436649,GRB7
4,0.5837970600591603,0.01297494421547726,-0.06632048209436649,GRB7
5,0.729106459875563,-0.005835565331195572,-0.06632048209436649,GRB7
6,0.8636194234213954,-0.027154091434740076,-0.06632048209436649,GRB7
7,0.9369030262427668,-0.027629288132833295,-0.06632048209436649,GRB7
8,0.9594128431838054,-0.029430263520275148,-0.06632048209436649,GRB7
0,0.16958990593890216,-0.007569228081396786,0.016336150240826883,GSK3B
1,0.3759298711474766,-0.003521069834287599,0.016336150240826883,GSK3B
2,0.47530553812524107,0.0017883391977552184,0.016336150240826883,GSK3B
3,0.5480316333112399,0.00553048473579241,0.016336150240826883,GSK3B
4,0.6444166580693549,0.006677153844330645,0.016336150240826883,GSK3B
5,0.7567723809079687,0.004407590577882061,0.016336150240826883,GSK3B
6,0.806893726570378,0.004109996797381967,0.016336150240826883,GSK3B
7,0.915471943337191,0.0041099967973819325,0.016336150240826883,GSK3B
0,0.0303125,0.0009108680444691084,-0.0015501313968995488,HER2
1,0.08374999999999999,0.000483847088726526,-0.0015501313968995488,HER2
2,0.12343749999999999,0.0007024774600536517,-0.0015501313968995488,HER2
3,0.156875,-0.0013828409198621068,-0.0015501313968995488,HER2
4,0.184375,0.00031066751039851006,-0.0015501313968995488,HER2
5,0.421875,0.002322117376987755,-0.0015501313968995488,HER2
6,0.824375,-0.001456089001901781,-0.0015501313968995488,HER2
0,0.042187499999999996,0.004291218853522711,-0.011606132821400992,HER3
1,0.10093749999999999,0.004298280712027353,-0.011606132821400992,HER3
2,0.14218749999999997,0.0005139703004873111,-0.011606132821400992,HER3
3,0.19656249999999997,-0.001340232508905445,-0.011606132821400992,HER3
4,0.40625,-0.0007809101937415247,-0.011606132821400992,HER3
5,0.6378125,-0.0039743604274188925,-0.011606132821400992,HER3
6,0.8446875,-0.005880483395075269,-0.011606132821400992,HER3
0,0.07589520684775511,0.07503883354629666,-0.31159876617568893,HES1
1,0.16749402329506413,0.07486182723550511,-0.31159876617568893,HES1
2,0.28446613286615746,0.07676071089825426,-0.31159876617568893,HES1
3,0.5025935632228272,0.07163784806219081,-0.31159876617568893,HES1
4,0.6749387529176316,-0.01609170656343309,-0.31159876617568893,HES1
5,0.7542654304318623,-0.10294035841856282,-0.31159876617568893,HES1
6,0.8233231245614909,-0.14393776503341515,-0.31159876617568893,HES1
7,0.9103590869054836,-0.17811766962110825,-0.31159876617568893,HES1
0,0.08533430518024422,0.028946198183970314,-0.09340034698300842,HEY1
1,0.18400400426551178,0.029630032648816935,-0.09340034698300842,HEY1
2,0.23090275805813132,0.02865291456459343,-0.09340034698300842,HEY1
3,0.438984511960974,0.02794168174860385,-0.09340034698300842,HEY1
4,0.6735272372662799,0.038596685253524034,-0.09340034698300842,HEY1
5,0.7807646319144197,-0.0008350272283642497,-0.09340034698300842,HEY1
6,0.8497239901083741,-0.054637492036794896,-0.09340034698300842,HEY1
7,0.9357351424721242,-0.062488160170364335,-0.09340034698300842,HEY1
0,0.20210750000000005,-0.0006294784207701437,0.08656421719473112,HRAS
1,0.2746075,-0.040463677718473604,0.08656421719473112,HRAS
2,0.3702414756922121,-0.0346779372278259,0.08656421719473112,HRAS
3,0.5069649616457181,-0.03297639727525682,0.08656421719473112,HRAS
4,0.5923349742161717,-0.007909309300624001,0.08656421719473112,HRAS
5,0.6334239882626655,0.022840675461640533,0.08656421719473112,HRAS
6,0.6792411957735953,0.026045555996854798,0.08656421719473112,HRAS
7,0.8573661957735952,0.023222714655326198,0.08656421719473112,HRAS
0,0.22847262214235933,0.016271507130760293,-0.05006594380159833,HSP90AA1
1,0.6728207749794687,-0.005011716952852564,-0.05006594380159833,HSP90AA1
2,0.9054629591973986,-0.01825153901123095,-0.05006594380159833,HSP90AA1
3,0.9611148063602892,-0.01984152282120001,-0.05006594380159833,HSP90AA1
0,0.21499999999999997,-0.005362469354541161,0.06977750366134793,IGF1
1,0.46499999999999997,-0.0032291497469936342,0.06977750366134793,IGF1
2,0.5300000000000001,0.012569126376601784,0.06977750366134793,IGF1
3,0.6450000000000002,0.026227180710758576,0.06977750366134793,IGF1
0,0.011797466965398016,-0.30731412989170254,1.3042430268400846,IGF1R
1,0.06814210739987223,-0.3109092681155233,1.3042430268400846,IGF1R
2,0.16065159926851033,-0.30853374749670454,1.3042430268400846,IGF1R
3,0.29755290384101574,-0.24381410238825127,1.3042430268400846,IGF1R
4,0.41649628895149593,-0.018080816432057834,1.3042430268400846,IGF1R
5,0.5678755359230823,0.41437058136931243,1.3042430268400846,IGF1R
6,0.8446251919785659,0.6830584004599458,1.3042430268400846,IGF1R
0,0.018203763873079096,0.044696019791282876,-0.11605582322862011,IL1B
1,0.06300862353654434,0.03952110378158092,-0.11605582322862011,IL1B
2,0.1599656791212934,0.015010439964407332,-0.11605582322862011,IL1B
3,0.2587880207613099,-0.0034571788627736563,-0.11605582322862011,IL1B
4,0.4297068262109429,-0.02395790631601779,-0.11605582322862011,IL1B
5,0.6536724032688057,-0.048933610007975935,-0.11605582322862011,IL1B
6,0.8041552783613445,-0.055364608904237785,-0.11605582322862011,IL1B
7,0.9365625,-0.058188760542076175,-0.11605582322862011,IL1B
0,0.4728125000000001,-0.011921590210790726,0.05486061766843525,IL6
1,0.9578125000000002,-0.0017775869687069023,0.05486061766843525,IL6
2,0.9837500000000001,0.017789905157281058,0.05486061766843525,IL6
3,0.99875,0.02725417193272673,0.05486061766843525,IL6
0,0.1702917512651171,0.0010374518629603924,-0.0013685677757853559,IL6R
1,0.4199792512651171,-0.0033992374547581004,-0.0013685677757853559,IL6R
2,0.6224833290404934,-0.0019736984566169095,-0.0013685677757853559,IL6R
3,0.8727958290404934,-0.0004174538607516808,-0.0013685677757853559,IL6R
0,0.15535275009643826,-0.012724438211626577,0.06810908676827729,IL8
1,0.3600166913186854,-0.00964555504726694,0.06810908676827729,IL8
2,0.4954683707701127,0.00039097798917812204,0.06810908676827729,IL8
3,0.6423823915003106,0.01765079250111813,0.06810908676827729,IL8
4,0.7427389901378529,0.02721972107773727,0.06810908676827729,IL8
5,0.8434514693366657,0.027219721077737076,0.06810908676827729,IL8
0,0.20000000000000004,0.2600345130927571,-0.6713932123720103,INS
1,0.43000000000000005,-0.16288664969878452,-0.6713932123720103,INS
2,0.4950000000000001,-0.1904967574690576,-0.6713932123720103,INS
3,0.5800000000000001,-0.183805843818717,-0.6713932123720103,INS
4,0.8150000000000001,-0.17795030247179366,-0.6713932123720103,INS
0,0.3499999999999999,0.01143316172505952,-0.04157786878557528,INSR
1,0.7150000000000001,0.003302629737227423,-0.04157786878557528,INSR
2,0.7650000000000001,-0.0029212861644753695,-0.04157786878557528,INSR
3,0.8816161841324258,-0.007828558245415295,-0.04157786878557528,INSR
4,0.9752506704242714,-0.012554959398461327,-0.04157786878557528,INSR
5,0.9936344862918456,-0.016162392063224767,-0.04157786878557528,INSR
0,0.2874927525410551,-0.06817691667785253,0.32058910594113393,IRS1
1,0.6297106491127641,-0.029361649729935838,0.32058910594113393,IRS1
2,0.6871933648476316,-0.00194427225447108,0.32058910594113393,IRS1
3,0.7249754682759225,0.012926863299977526,0.32058910594113393,IRS1
4,0.7855063047026112,0.05077855369850187,0.32058910594113393,IRS1
5,0.829047491288827,0.10128567699345595,0.32058910594113393,IRS1
6,0.8988061865862158,0.13579872216491143,0.32058910594113393,IRS1
0,0.030191872783687942,-0.0858904323171604,0.2684615702878408,IVEBP1
1,0.23402290929671304,-0.08439399946227631,0.2684615702878408,IVEBP1
2,0.4678935365130251,-0.042077124614317236,0.2684615702878408,IVEBP1
3,0.579768657600163,0.0013871497914869357,0.2684615702878408,IVEBP1
4,0.6524417237612853,0.0059784311755728126,0.2684615702878408,IVEBP1
5,0.6784778672591074,0.00830490122178601,0.2684615702878408,IVEBP1
6,0.6915007226895984,0.013440671739688062,0.2684615702878408,IVEBP1
7,0.7347575033779497,0.07143327459246596,0.2684615702878408,IVEBP1
8,0.8228724739109773,0.18687841076541195,0.2684615702878408,IVEBP1
0,0.2838171219731697,0.027971563695990062,-0.12640645383872814,JAK2
1,0.6196996633954829,0.014939539897531287,-0.12640645383872814,JAK2
2,0.7258060963896165,-0.018069884462982508,-0.12640645383872814,JAK2
3,0.8167022496528468,-0.04295221639953346,-0.12640645383872814,JAK2
4,0.9267786946855435,-0.0468910548246505,-0.12640645383872814,JAK2
0,0.0058874780288157656,0.09288182467629708,-0.06649207135496879,JUN
1,0.01795420174660946,0.0176227217904249,-0.06649207135496879,JUN
2,0.02756207730918038,-0.024427423503277035,-0.06649207135496879,JUN
3,0.30055461458900223,-0.025358481793849696,-0.06649207135496879,JUN
4,0.6771337549406171,-0.028384481550310037,-0.06649207135496879,JUN
5,0.8915994939430016,-0.03200519642021854,-0.06649207135496879,JUN
6,0.999525,-0.033530969824239254,-0.06649207135496879,JUN
0,0.11710555859344114,-0.04512703786326311,0.27593121961737765,KMT2D
1,0.3596050957337467,-0.004231419525716831,0.27593121961737765,KMT2D
2,0.5475617823048897,0.049453072585345856,0.27593121961737765,KMT2D
3,0.663218408339662,0.07012798919943693,0.27593121961737765,KMT2D
4,0.7652675344249853,0.14861241773031597,0.27593121961737765,KMT2D
0,0.01900131720177638,0.0379920560267478,-0.11947389627625886,KRT14
1,0.08221930660949815,-0.018813560014265956,-0.11947389627625886,KRT14
2,0.23597807873972404,-0.07439255980945347,-0.11947389627625886,KRT14
3,0.4452600893320023,-0.07399372727833944,-0.11947389627625886,KRT14
4,0.7027676689321147,-0.0604872303510876,-0.11947389627625886,KRT14
0,0.14582606203468956,-0.00662671854597442,0.016909643378364102,LATS1
1,0.48640686268090344,-0.002971369272079344,0.016909643378364102,LATS1
2,0.813471546204359,0.005113988885265698,0.016909643378364102,LATS1
3,0.9572758772123643,0.007316695247819795,0.016909643378364102,LATS1
4,0.9843851316542191,0.005840995689301292,0.016909643378364102,LATS1
0,0.04154439820264397,0.05222142977675392,-0.17782604148222908,LCK
1,0.18756823915506027,0.04820246423339489,-0.17782604148222908,LCK
2,0.3068483620003596,0.04710174540696126,-0.17782604148222908,LCK
3,0.4114227640188578,0.04508516242951718,-0.17782604148222908,LCK
4,0.5557318435419432,0.016979787935620473,-0.17782604148222908,LCK
5,0.6844548874566998,-0.038791260272234146,-0.17782604148222908,LCK
6,0.7834604809624325,-0.0702677128338546,-0.17782604148222908,LCK
7,0.8403840451953368,-0.07176070335068827,-0.17782604148222908,LCK
8,0.9362448511185752,-0.08183991987969788,-0.17782604148222908,LCK
0,0.1964637106337941,0.16750764002564278,-0.4405067282409757,MAPK8
1,0.2889811247250351,0.17005968786145226,-0.4405067282409757,MAPK8
2,0.39983968774889067,0.1669635538879568,-0.4405067282409757,MAPK8
3,0.5272854047613967,0.062356261130672205,-0.4405067282409757,MAPK8
4,0.6492456679040087,-0.06795365208506005,-0.4405067282409757,MAPK8
5,0.8072826181341735,-0.10020862433628858,-0.4405067282409757,MAPK8
6,0.9619936942010847,-0.10111279431976455,-0.4405067282409757,MAPK8
0,0.2053125,0.023073845999248437,-0.06834690527865235,MCL1
1,0.4497742376924476,0.021647458188567146,-0.06834690527865235,MCL1
2,0.6370213479060085,0.022552690513605957,-0.06834690527865235,MCL1
3,0.7001481271878329,0.017411793658579887,-0.06834690527865235,MCL1
4,0.7425908858088046,0.0027203501767940064,-0.06834690527865235,MCL1
5,0.7801176430407379,-0.004786155911222629,-0.06834690527865235,MCL1
6,0.8510764293739761,-0.014274390441516828,-0.06834690527865235,MCL1
7,0.9292928116667746,-0.023076883441291253,-0.06834690527865235,MCL1
8,0.9814566564990039,-0.023076883441291364,-0.06834690527865235,MCL1
0,0.12449850719000471,0.02404946112404613,-0.12621472084125182,MDM2
1,0.3723216779107422,-0.001244720786908824,-0.12621472084125182,MDM2
2,0.49983990184486027,-0.036786561368247726,-0.12621472084125182,MDM2
3,0.6235181754728576,-0.05058539294904974,-0.12621472084125182,MDM2
4,0.8032801903639613,-0.05379469816009639,-0.12621472084125182,MDM2
0,0.150625,-4.3855601423540506e-05,0.010932113871538888,MEK_i
1,0.24949663173652697,-0.0035313496649487983,0.010932113871538888,MEK_i
2,0.32053458779234534,-0.004905899130100677,0.010932113871538888,MEK_i
3,0.42291295605581836,-0.004425774631249775,0.010932113871538888,MEK_i
4,0.5530843750000001,-0.0005058589863631674,0.010932113871538888,MEK_i
5,0.6668520235177234,0.001725197058128695,0.010932113871538888,MEK_i
6,0.7139540465884904,-0.0006067105635422718,0.010932113871538888,MEK_i
7,0.7704825506299922,-1.8119621968022692e-06,0.010932113871538888,MEK_i
8,0.845565269260526,0.004332914142667785,0.010932113871538888,MEK_i
9,0.9365191167013007,0.007432730333333758,0.010932113871538888,MEK_i
0,0.13031372627218077,0.5031466466943448,-1.0560122511841568,MTORC1_c
1,0.1763217210337105,0.38666940853160814,-1.0560122511841568,MTORC1_c
2,0.22948530403486772,0.1994693664699707,-1.0560122511841568,MTORC1_c
3,0.28868902506991767,-0.009923856372254458,-1.0560122511841568,MTORC1_c
4,0.33011424243763665,-0.12912964653802494,-1.0560122511841568,MTORC1_c
5,0.38759381452654196,-0.1436337373055504,-1.0560122511841568,MTORC1_c
6,0.44618307462442663,-0.1512091631333129,-1.0560122511841568,MTORC1_c
7,0.47900684957111783,-0.15457113867442562,-1.0560122511841568,MTORC1_c
8,0.5950587292858751,-0.22562097526139857,-1.0560122511841568,MTORC1_c
9,0.8475192047262763,-0.2922131519194773,-1.0560122511841568,MTORC1_c
0,0.22152142369605,0.1332568909345408,-0.35072752451532585,MTORC2_c
1,0.3934568155684663,0.13520099528231577,-0.35072752451532585,MTORC2_c
2,0.532779633508505,0.07855870657710981,-0.35072752451532585,MTORC2_c
3,0.5992003728737626,0.0037938191194968884,-0.35072752451532585,MTORC2_c
4,0.7019669566835438,-0.026950107415893543,-0.35072752451532585,MTORC2_c
5,0.7980243830474646,-0.055064540948819185,-0.35072752451532585,MTORC2_c
6,0.9074781657291785,-0.06909914850713966,-0.35072752451532585,MTORC2_c
0,0.33084341890749025,0.04131353120863946,-0.10256904025401228,MYC
1,0.49694789230007563,0.030712787233560405,-0.10256904025401228,MYC
2,0.6226112566285066,0.021143380225160803,-0.10256904025401228,MYC
3,0.7333322088469135,-0.02680110794816859,-0.10256904025401228,MYC
4,0.8347339305858863,-0.04784011384694517,-0.10256904025401228,MYC
5,0.85655446607091,-0.024776537186949152,-0.10256904025401228,MYC
6,0.894358137662858,-0.006605711538600623,-0.10256904025401228,MYC
7,0.9622602754110371,0.005679591224589692,-0.10256904025401228,MYC
0,6.5e-05,0.01450329346262887,-0.0464257696932726,MYOD1
1,0.00035652133233532815,0.013742968279080732,-0.0464257696932726,MYOD1
2,0.026666974340757998,0.017549625894198295,-0.0464257696932726,MYOD1
3,0.0823282868114203,0.0037621326920363966,-0.0464257696932726,MYOD1
4,0.11962799065747631,-0.012279580129899855,-0.0464257696932726,MYOD1
5,0.1921043416748564,-0.010098512324344238,-0.0464257696932726,MYOD1
6,0.3012283798268199,-0.012806842491067295,-0.0464257696932726,MYOD1
7,0.6727991950064421,-0.015383477284454753,-0.0464257696932726,MYOD1
0,0.0004274999999999969,-0.0326240012148798,0.01882286632227176,MYOG
1,0.025106800271739126,-0.0014360281452771573,0.01882286632227176,MYOG
2,0.1083321951618176,0.015784796502825937,0.01882286632227176,MYOG
3,0.4326140459164215,0.013903414954717565,0.01882286632227176,MYOG
4,0.7348794769192002,0.013239260943697977,0.01882286632227176,MYOG
5,0.7977992984669555,0.010311576102290304,0.01882286632227176,MYOG
6,0.8619925156641604,0.006203426039184293,0.01882286632227176,MYOG
7,0.9501115430900621,0.005022960817485891,0.01882286632227176,MYOG
0,0.09611270655860227,0.058474484735222675,-0.17049469778773982,NCID
1,0.20944435417872143,0.061652192145197515,-0.17049469778773982,NCID
2,0.43079268097568685,0.06285259790123268,-0.17049469778773982,NCID
3,0.686551244689201,0.06861187811541498,-0.17049469778773982,NCID
4,0.7747852552866895,0.0017771333508245848,-0.17049469778773982,NCID
5,0.8383765428841992,-0.0701639827721906,-0.17049469778773982,NCID
6,0.9046194296014423,-0.07707521240824627,-0.17049469778773982,NCID
7,0.9719379306702992,-0.08343894514402447,-0.17049469778773982,NCID
0,0.009752700892857132,-0.16795991287941295,0.3860913656668532,NEDD4L
1,0.03817591906055901,-0.12245645195756558,0.3860913656668532,NEDD4L
2,0.1296875,-0.11392327848834344,0.3860913656668532,NEDD4L
3,0.23593750000000002,-0.11795754235385437,0.3860913656668532,NEDD4L
4,0.35418943697559113,-0.11896472144479461,0.3860913656668532,NEDD4L
5,0.5430589768068268,0.026113038977742226,0.3860913656668532,NEDD4L
6,0.699873871516427,0.16228355608506925,0.3860913656668532,NEDD4L
7,0.8079520429300152,0.15654535531722188,0.3860913656668532,NEDD4L
8,0.8836217236024844,0.15429815795257815,0.3860913656668532,NEDD4L
9,0.9202202623576605,0.15347765142579625,0.3860913656668532,NEDD4L
0,0.0621313929562599,-0.27817359198439257,0.7009598821604907,NF1
1,0.18412895495623338,-0.2618519812237457,0.7009598821604907,NF1
2,0.2661399201628339,-0.08670784766436626,0.7009598821604907,NF1
3,0.30410163525128353,0.07610268366220552,0.7009598821604907,NF1
4,0.3425921258602599,0.09446291085561864,0.7009598821604907,NF1
5,0.38979905915180335,0.12094355399393109,0.7009598821604907,NF1
6,0.5228898456251876,0.12902994109891086,0.7009598821604907,NF1
7,0.7168004551281021,0.19204112420380343,0.7009598821604907,NF1
8,0.8413893198828811,0.2889936486964607,0.7009598821604907,NF1
0,0.10680377155385548,-0.006247922744012229,0.007029343581479141,NF2
1,0.316335837118921,-0.007531481614128522,0.007029343581479141,NF2
2,0.538314809261308,0.01046235659725758,0.007029343581479141,NF2
3,0.7051086534402387,0.017267531626657596,0.007029343581479141,NF2
4,0.765675373258266,0.003426019593536585,0.007029343581479141,NF2
5,0.8211944882762131,-0.00018348086824299982,0.007029343581479141,NF2
6,0.8822044797747439,-0.001759144978790676,0.007029343581479141,NF2
7,0.9503594550128007,-0.005081694684081102,0.007029343581479141,NF2
0,0.13848972195163595,0.6258707189920467,-1.4527812913852332,NFKB1
1,0.35541676145739576,0.6250740768378281,-1.4527812913852332,NFKB1
2,0.628262675156966,0.5966271317562257,-1.4527812913852332,NFKB1
3,0.7365518637101022,0.3569085701280869,-1.4527812913852332,NFKB1
4,0.7933671903667106,-0.13482091593282552,-1.4527812913852332,NFKB1
5,0.8562736807474216,-0.4192797562565733,-1.4527812913852332,NFKB1
6,0.9198429862294265,-0.42303347932992974,-1.4527812913852332,NFKB1
7,0.9833583392112708,-0.42274886480408824,-1.4527812913852332,NFKB1
0,0.11367505480905234,0.05305020438026846,-0.22488952169405343,NOS3
1,0.2732118642846427,0.04940916384103447,-0.22488952169405343,NOS3
2,0.3934554690178839,0.044507199786625734,-0.22488952169405343,NOS3
3,0.4813469993517209,-0.006705761149364657,-0.22488952169405343,NOS3
4,0.5398109345800651,-0.08054249195507335,-0.22488952169405343,NOS3
5,0.7921903551873044,-0.10831997471609911,-0.22488952169405343,NOS3
6,0.9998077604166666,-0.10831997471609914,-0.22488952169405343,NOS3
0,0.062210554213179364,0.06951235035669626,-0.226921173351336,NOTCH1
1,0.16033793631465237,0.071578095437094,-0.226921173351336,NOTCH1
2,0.2630504874462697,0.07593444421087378,-0.226921173351336,NOTCH1
3,0.48198010910970446,0.07839830889955228,-0.226921173351336,NOTCH1
4,0.6903527915926706,0.062215055847201085,-0.226921173351336,NOTCH1
5,0.8020565995172712,-0.04391562536885632,-0.226921173351336,NOTCH1
6,0.8854880650874231,-0.1336560316832586,-0.226921173351336,NOTCH1
7,0.9567272533979148,-0.1336222708292511,-0.226921173351336,NOTCH1
0,0.12999999999999995,-0.032534661912761255,0.25613693325849385,NRG1
1,0.32999999999999996,-0.032534661912761186,0.25613693325849385,NRG1
2,0.43000000000000005,-0.007357693515832618,0.25613693325849385,NRG1
3,0.4950000000000001,0.05326616686086162,0.25613693325849385,NRG1
4,0.565,0.0837429340225981,0.25613693325849385,NRG1
5,0.665,0.07877280920456868,0.25613693325849385,NRG1
0,0.000149147727272725,0.03721284532793034,-0.12553023225168725,P21
1,0.02139914772727272,0.04222294127805668,-0.12553023225168725,P21
2,0.06704677598892556,0.028623623947050005,-0.12553023225168725,P21
3,0.10985927598892554,-0.0028536284902230258,-0.12553023225168725,P21
4,0.2075,-0.03214817234674529,-0.12553023225168725,P21
5,0.4581822254498995,-0.050177048437844346,-0.12553023225168725,P21
6,0.6416115696941252,-0.05069030920757195,-0.12553023225168725,P21
7,0.7447245357300318,-0.051518800881703686,-0.12553023225168725,P21
0,0.0629445238420322,0.0003843099911344076,-0.008210477910621941,P53
1,0.1897093254865722,-0.0011406936909704453,-0.008210477910621941,P53
2,0.3211648864329878,-0.0017416312425376128,-0.008210477910621941,P53
0,0.10889685034597363,0.0038814974993288667,-0.005793452801080258,PAK1
1,0.33173577867903453,-0.009919635952839994,-0.005793452801080258,PAK1
2,0.5581576213972431,-0.012080146161803963,-0.005793452801080258,PAK1
3,0.8353186930641823,-0.001004364037593475,-0.005793452801080258,PAK1
0,0.33268811141304355,0.022441595579345948,-0.08858517295017236,PAK2
1,0.7276881114130436,0.020671959673534582,-0.08858517295017236,PAK2
2,0.8060435305144655,0.007901460824154705,-0.08858517295017236,PAK2
3,0.8579183152514438,-0.022636525658955787,-0.08858517295017236,PAK2
4,0.9443256775941212,-0.034241532035913624,-0.08858517295017236,PAK2
5,0.9974508928571428,-0.03105574552946958,-0.08858517295017236,PAK2
0,0.007298103437767753,0.03833034062467654,-0.03582582153131367,PAX7
1,0.020406657602770044,0.003293920132846191,-0.03582582153131367,PAX7
2,0.09091870066327572,-0.02951085294973664,-0.03582582153131367,PAX7
3,0.16989309038936173,-0.016902417432836103,-0.03582582153131367,PAX7
4,0.2819345828969475,0.0010029484662409799,-0.03582582153131367,PAX7
5,0.6888201112411926,0.0036867018349898,-0.03582582153131367,PAX7
6,0.9986283029126242,-0.023669596565323664,-0.03582582153131367,PAX7
7,0.9996598306772908,-0.04870595452240513,-0.03582582153131367,PAX7
0,0.02780962799165655,-0.05751443902943831,0.11938976664593727,PDPK1
1,0.06933291532164787,-0.05861349568677742,0.11938976664593727,PDPK1
2,0.10692650541778506,-0.05143335239141799,0.11938976664593727,PDPK1
3,0.1949216481758237,-0.04295358388274935,0.11938976664593727,PDPK1
4,0.3969129374571044,-0.012734490552222234,0.11938976664593727,PDPK1
5,0.6555195073690745,0.019487399015410564,0.11938976664593727,PDPK1
6,0.8792674429413633,0.0325840936248353,0.11938976664593727,PDPK1
7,0.9911424429413632,0.058471894316518225,0.11938976664593727,PDPK1
0,0.31499999999999995,0.013570269058372091,-0.1254289087696884,PG
1,0.34500000000000003,0.013570269058372234,-0.1254289087696884,PG
2,0.395,0.01309940157141316,-0.1254289087696884,PG
3,0.44499999999999995,0.00906084588835377,-0.1254289087696884,PG
4,0.48,0.004251547641329727,-0.1254289087696884,PG
5,0.5150000000000001,-0.006291374503005525,-0.1254289087696884,PG
6,0.5450000000000002,-0.019146255758016963,-0.1254289087696884,PG
7,0.6450000000000002,-0.022024066526506965,-0.1254289087696884,PG
0,0.03635603424415016,2.0214583037537035,-4.954289167850493,PGR
1,0.28415529523050326,-0.19424001430206506,-4.954289167850493,PGR
2,0.5654399957821792,-2.4822434067205146,-4.954289167850493,PGR
3,0.7459663712984981,-2.5582134136176125,-4.954289167850493,PGR
4,0.8808278154829203,-2.536932456112779,-4.954289167850493,PGR
5,0.9359709289802484,-2.457494748709877,-4.954289167850493,PGR
0,0.21016364896711653,0.016123488242050354,-0.051968466866767996,PI3K_c
1,0.4884010739603606,0.022156099808546062,-0.051968466866767996,PI3K_c
2,0.6597862677799917,0.01415089500069909,-0.051968466866767996,PI3K_c
3,0.8163807700602806,-0.00879108384307659,-0.051968466866767996,PI3K_c
4,0.9348319272735329,-0.019477645641519305,-0.051968466866767996,PI3K_c
0,0.06332033454046133,-0.03452620213991835,0.17300020608533603,PIM
1,0.1465952418655514,-0.032986906285412045,0.17300020608533603,PIM
2,0.19870012678498342,0.005143106102811504,0.17300020608533603,PIM
3,0.2430055365721228,0.04970303136371128,0.17300020608533603,PIM
4,0.38129224639174697,0.0695350694578237,0.17300020608533603,PIM
5,0.7537119292795176,0.08157370356607288,0.17300020608533603,PIM
0,0.15290341270064506,-0.031966730552801276,0.1024240176850279,PIP3
1,0.37454997063322404,-0.030219450966086123,0.1024240176850279,PIP3
2,0.4998436826539796,-0.03021405395727652,0.1024240176850279,PIP3
3,0.6219899457802922,-0.0356122477426097,0.1024240176850279,PIP3
4,0.7387928210588917,-0.002003696146788001,0.1024240176850279,PIP3
5,0.8251461985729823,0.03798291362297974,0.1024240176850279,PIP3
6,0.9301461985729823,0.041869225332907344,0.1024240176850279,PIP3
0,0.13278766947482476,-0.00418388859211532,0.008400526692623424,PPARG
1,0.3244172952331551,-0.004183888592115388,0.008400526692623424,PPARG
2,0.5141025919649096,-0.0011135103216533345,0.008400526692623424,PPARG
3,0.6966319438459372,0.003705592729396256,0.008400526692623424,PPARG
4,0.8165976095357104,0.0041180461575676015,0.008400526692623424,PPARG
5,0.9109991257731181,0.0019418346748503838,0.008400526692623424,PPARG
6,0.9508968476949526,0.0008757977400403226,0.008400526692623424,PPARG
7,0.982336353818187,0.0015794486735301073,0.008400526692623424,PPARG
0,0.043437500000000004,0.059707306670280465,-0.0636154184987088,PRB
1,0.16850704367917077,0.03611010818098791,-0.0636154184987088,PRB
2,0.3497583525559823,0.0014356620739613482,-0.0636154184987088,PRB
3,0.46459729846014486,-0.015532752464327691,-0.0636154184987088,PRB
4,0.562297619694617,-0.0308269949359948,-0.0636154184987088,PRB
5,0.6423489907513349,-0.03437140907532687,-0.0636154184987088,PRB
6,0.7114337588536559,-0.0257233238406211,-0.0636154184987088,PRB
7,0.7899036546188842,-0.018260550982507777,-0.0636154184987088,PRB
8,0.839778938565844,-0.013165493698130519,-0.0636154184987088,PRB
9,0.9009784529938978,0.03209473174103346,-0.0636154184987088,PRB
0,0.22443409048316965,-0.05640162659803064,-0.0016983695639535697,PRKAA2
1,0.3658733528589162,0.0025868247012984305,-0.0016983695639535697,PRKAA2
2,0.49414291361252766,0.05926846435511204,-0.0016983695639535697,PRKAA2
3,0.7280332873191073,0.05750595205647733,-0.0016983695639535697,PRKAA2
4,0.9218776122043446,0.020016723248179887,-0.0016983695639535697,PRKAA2
5,0.9662407159375439,-0.029630816119586723,-0.0016983695639535697,PRKAA2
6,0.9749241670265054,-0.02369521429886002,-0.0016983695639535697,PRKAA2
7,0.9843961395980942,-0.008399233165199908,-0.0016983695639535697,PRKAA2
8,0.994576176902295,-0.01341057601896218,-0.0016983695639535697,PRKAA2
0,0.0857398205276719,-0.0018193738843479508,-0.0011855409572941163,PRKACA
1,0.2259775077227322,-0.00040760874722452147,-0.0011855409572941163,PRKACA
2,0.3381106823548426,0.00023991215948304754,-0.0011855409572941163,PRKACA
3,0.45068117232196236,-0.002719333673769642,-0.0011855409572941163,PRKACA
4,0.59280817716218,-0.011549589300739129,-0.0011855409572941163,PRKACA
5,0.7247625660260099,0.01520884545173273,-0.0011855409572941163,PRKACA
6,0.7785125660260098,0.0770874576643216,-0.0011855409572941163,PRKACA
7,0.8593749999999999,-0.07062320558515772,-0.0011855409572941163,PRKACA
0,0.05115942707152573,-0.002071179359822629,0.09148744694525346,PTEN
1,0.12549390893459653,7.279994136272705e-05,0.09148744694525346,PTEN
2,0.16620488394282668,0.007036523658666123,0.09148744694525346,PTEN
3,0.2218704020797559,0.0017006902064987117,0.09148744694525346,PTEN
4,0.27710077415317297,-0.016190851749981416,0.09148744694525346,PTEN
5,0.3076082467443884,-0.033170852184480897,0.09148744694525346,PTEN
6,0.35751923082363535,-0.0481388635908188,0.09148744694525346,PTEN
7,0.4715468554697678,-0.025288379289154,0.09148744694525346,PTEN
8,0.5810908933858818,0.003062303027460451,0.09148744694525346,PTEN
9,0.6908401633711072,0.10441735803777494,0.09148744694525346,PTEN
0,0.11798961714477493,0.10002212434478976,-0.35885727045935223,RAC1
1,0.26486461714477494,0.09549656629777478,-0.35885727045935223,RAC1
2,0.36264383593397087,0.09152264227493745,-0.35885727045935223,RAC1
3,0.44813565530571964,0.0680881277056121,-0.35885727045935223,RAC1
4,0.48424181937174876,-0.026034557259674962,-0.35885727045935223,RAC1
5,0.5434374999999999,-0.09886787271691336,-0.35885727045935223,RAC1
6,0.609375,-0.10899638352047955,-0.35885727045935223,RAC1
7,0.7540046760512299,-0.12128547676721793,-0.35885727045935223,RAC1
8,0.9361921760512298,-0.12224347127822907,-0.35885727045935223,RAC1
0,0.1690625,-0.06886676582635469,0.25150512150144555,RAF1
1,0.23781250000000004,-0.07054805820160687,0.25150512150144555,RAF1
2,0.28125,-0.06803158445850925,0.25150512150144555,RAF1
3,0.3302326780101547,-0.0655125579686373,0.25150512150144555,RAF1
4,0.4074865171011586,-0.05551696157826167,0.25150512150144555,RAF1
5,0.5774632505653373,-0.00271244189144125,0.25150512150144555,RAF1
6,0.7229904998435545,0.042562120980307316,0.25150512150144555,RAF1
7,0.803662667189337,0.07520262766777688,0.25150512150144555,RAF1
8,0.931819078820116,0.10708336074818234,0.25150512150144555,RAF1
0,0.29143063325009544,-0.009028806533044833,0.034128819533056194,RAS_i
1,0.6597007293872859,-0.00623020538344668,0.034128819533056194,RAS_i
2,0.7886876191893915,-0.0045633274130097694,0.034128819533056194,RAS_i
3,0.9062396983907022,0.00899856567641644,0.034128819533056194,RAS_i
4,0.9841125399218345,0.017029481205812404,0.034128819533056194,RAS_i
5,0.9982903645833333,0.010726801628183288,0.034128819533056194,RAS_i
0,0.08245108704862975,-0.0013795228913384056,-0.0006057274835339595,RELA
1,0.19054489976775346,0.0015781825538463328,-0.0006057274835339595,RELA
2,0.5274475497191754,0.002999383278107069,-0.0006057274835339595,RELA
3,0.8611505545072401,-0.00012039772696719971,-0.0006057274835339595,RELA
4,0.9240216801038645,-0.001130513284135386,-0.0006057274835339595,RELA
5,0.9822248625966761,0.00019832720592240032,-0.0006057274835339595,RELA
0,0.03752916945652669,0.06782077437725172,-0.14278612739986482,RHEB
1,0.07120351227126412,0.0628483386316062,-0.14278612739986482,RHEB
2,0.10698671460705374,0.03974970116590271,-0.14278612739986482,RHEB
3,0.20314497668908887,0.0191126636488596,-0.14278612739986482,RHEB
4,0.307944602479279,0.000654941640062523,-0.14278612739986482,RHEB
5,0.42714708249022026,-0.018472539841892496,-0.14278612739986482,RHEB
6,0.6003391718126532,-0.021959240210717254,-0.14278612739986482,RHEB
7,0.7084786095169617,-0.03946326961569714,-0.14278612739986482,RHEB
8,0.8674856734130902,-0.0566611939219952,-0.14278612739986482,RHEB
0,0.06916279735786078,-0.002501636099714392,0.07567532426164142,RND1
1,0.19152255311468647,-0.02142098827734849,0.07567532426164142,RND1
2,0.3591880466975269,-0.04033469714217451,0.07567532426164142,RND1
3,0.5868282909407011,-0.038996039208394506,0.07567532426164142,RND1
4,0.815072926437733,-0.011599282683274644,0.07567532426164142,RND1
5,0.9479336904360078,0.0445831252261677,0.07567532426164142,RND1
6,0.9793507119149415,0.07326794991720807,0.07567532426164142,RND1
0,0.0230085234063745,0.37225303623746575,-1.237749150580663,S6K1
1,0.06732872779714474,0.3432930008589978,-1.237749150580663,S6K1
2,0.11740399860959887,0.2374134651279451,-1.237749150580663,S6K1
3,0.16403078603417592,0.02301278187291045,-1.237749150580663,S6K1
4,0.18970860614220136,-0.11827909298014366,-1.237749150580663,S6K1
5,0.24232590814779487,-0.14220722190732205,-1.237749150580663,S6K1
6,0.30082042607072923,-0.16542691461926484,-1.237749150580663,S6K1
7,0.34428890360097786,-0.1666550575444531,-1.237749150580663,S6K1
8,0.4409753352449264,-0.20809727067710693,-1.237749150580663,S6K1
9,0.5520330692790281,-0.25048497659554403,-1.237749150580663,S6K1
0,0.034480010111254907,-0.02365416179084676,-0.001630986119065709,SGK1
1,0.08107242740421347,-0.01632767101013899,-0.001630986119065709,SGK1
2,0.12621148261963994,-0.006427628860104569,-0.001630986119065709,SGK1
3,0.20191480585447397,0.00794887528196754,-0.001630986119065709,SGK1
4,0.2879413912734774,0.020523627967286788,-0.001630986119065709,SGK1
5,0.38723084254957707,0.02534085253745525,-0.001630986119065709,SGK1
6,0.5909375,0.02182472513398758,-0.001630986119065709,SGK1
7,0.75875,0.01812249161581784,-0.001630986119065709,SGK1
8,0.8894514853802635,-0.005932718501695456,-0.001630986119065709,SGK1
9,0.9890941274584324,-0.035245773158201175,-0.001630986119065709,SGK1
0,0.27062500000000006,-0.19538169658661747,0.4157568355026228,SOS1
1,0.6103253599024836,-0.036147919533906,0.4157568355026228,SOS1
2,0.6818741718081607,0.12203891667345765,0.4157568355026228,SOS1
3,0.6888365744109595,0.11230733211924107,0.4157568355026228,SOS1
4,0.7175251741060797,0.10642859066640611,0.4157568355026228,SOS1
5,0.7912244135538753,0.09932925936640666,0.4157568355026228,SOS1
6,0.9143545225495557,0.09036601526891944,0.4157568355026228,SOS1
7,0.9930170308633639,0.09453204434916593,0.4157568355026228,SOS1
0,0.08510272636605415,0.020328119389382567,-0.15294304217690788,SRC
1,0.22206705302793261,0.016115078897110693,-0.15294304217690788,SRC
2,0.3491518266618785,0.0017499807996375072,-0.15294304217690788,SRC
3,0.462505322532664,-0.011994944913734068,-0.15294304217690788,SRC
4,0.6384428225326639,-0.010089746434618931,-0.15294304217690788,SRC
5,0.8225,-0.10999755839289405,-0.15294304217690788,SRC
0,0.34829039920897253,-0.022080485432175192,0.13141895614746335,STAT1
1,0.7624602791188025,-0.009450647413971808,0.13141895614746335,STAT1
2,0.8417182245091664,0.02616065176619567,0.13141895614746335,STAT1
3,0.8931733445993364,0.0433035763517654,0.13141895614746335,STAT1
4,0.9608343537924151,0.06946927870603609,0.13141895614746335,STAT1
0,0.23850400417069628,0.014159981863808683,-0.04822291297437126,STAT3
1,0.4902125161838188,0.009518500054005813,-0.04822291297437126,STAT3
2,0.6319967903593982,0.0011133065788842406,-0.04822291297437126,STAT3
3,0.869195375783413,-0.00937180775255117,-0.04822291297437126,STAT3
4,0.9837170385033849,-0.016263602576241695,-0.04822291297437126,STAT3
5,0.9929360629231141,-0.02066917620333178,-0.04822291297437126,STAT3
6,0.9981261218568666,-0.022533065490778534,-0.04822291297437126,STAT3
0,0.10732576646001027,-0.005883284489857853,0.036644360366591806,STAT5
1,0.3175506493687481,0.006225695528141159,0.036644360366591806,STAT5
2,0.7102248829087379,0.01701690849613403,0.036644360366591806,STAT5
0,0.1029657585476163,0.031741260373577364,-0.046878239427564486,STK11
1,0.19445912871676713,0.020803015858752785,-0.046878239427564486,STK11
2,0.2549783607113058,0.0025890515884503945,-0.046878239427564486,STK11
3,0.3068465886927788,-0.005479358370474578,-0.046878239427564486,STK11
4,0.36110756759159174,0.0031845111579196297,-0.046878239427564486,STK11
5,0.40571754208029925,-0.001169008437947018,-0.046878239427564486,STK11
6,0.50965107036613,-0.005964979385695839,-0.046878239427564486,STK11
7,0.7736819311070656,-0.008644433049089358,-0.046878239427564486,STK11
8,0.982201916576592,-0.02064989271515407,-0.046878239427564486,STK11
0,0.05395296922983119,-0.0022604525392675183,0.013636400621344216,TCF4
1,0.17315963025846035,0.002543844521418173,0.013636400621344216,TCF4
2,0.6192066610286292,0.006474906580300822,0.013636400621344216,TCF4
0,0.024415057228791587,-0.007566794224750428,0.024925679435285904,TEAD1
1,0.06827286558575849,-0.004839687616113354,0.024925679435285904,TEAD1
2,0.36762554028854455,0.0039557508685516135,0.024925679435285904,TEAD1
3,0.7267391515495856,0.013684933259259811,0.024925679435285904,TEAD1
4,0.9029714196180079,0.013433790123452388,0.024925679435285904,TEAD1
0,0.4384552482402856,-0.00016148738482593336,0.0006188264551235024,TRADD
1,0.9016476909332346,-0.00676935024087578,0.0006188264551235024,TRADD
2,0.9332774846718536,-0.0018362564052869157,0.0006188264551235024,TRADD
3,0.9523228863479765,0.0025898260883533567,0.0006188264551235024,TRADD
4,0.9717653761103711,0.001063392382762214,0.0006188264551235024,TRADD
5,0.9895275317412993,0.0008407981284361109,0.0006188264551235024,TRADD
0,0.14513940333363515,-0.02113070853410162,0.0861772535908324,TSC2
1,0.30258390992846795,-0.018647622105361705,0.0861772535908324,TSC2
2,0.34938592021311543,-0.014622340186598456,0.0861772535908324,TSC2
3,0.4931910218290205,-0.012014207225815247,0.0861772535908324,TSC2
4,0.6358871916207485,-0.011175597712876899,0.0861772535908324,TSC2
5,0.686383777063786,-0.009236625222681205,0.0861772535908324,TSC2
6,0.7883828228081118,-0.0033834342113585776,0.0861772535908324,TSC2
7,0.8986654952414519,0.035578181186629816,0.0861772535908324,TSC2
8,0.9419538607674849,0.07022862020799933,0.0861772535908324,TSC2
0,0.006519194058324056,-0.03789689952430115,0.09484931720315315,TWIST1
1,0.041206694058324056,-0.026317063525905307,0.09484931720315315,TWIST1
2,0.1314425888244152,-0.0062829133895816736,0.09484931720315315,TWIST1
3,0.21581135542310198,-0.001786694757336664,0.09484931720315315,TWIST1
4,0.24779567260652724,-0.004478593223302969,0.09484931720315315,TWIST1
5,0.27186440600784045,0.012776536771391366,0.09484931720315315,TWIST1
6,0.43781884015798966,0.03189447427461902,0.09484931720315315,TWIST1
7,0.6467825019471996,0.035958003471420884,0.09484931720315315,TWIST1
8,0.7802390986988602,0.036892528119972894,0.09484931720315315,TWIST1
0,0.3346875,0.03928450657701829,-0.2758330082754331,WNT1
1,0.6912500000000001,-0.07114581505479275,-0.2758330082754331,WNT1
2,0.8565625000000001,-0.10130426565056405,-0.2758330082754331,WNT1
0,0.012299082611386136,-0.012904645850028783,0.022436450339396518,YAP1
1,0.02868687363555432,-0.009857556237937236,0.022436450339396518,YAP1
2,0.04130687259080698,-0.003121433967644194,0.022436450339396518,YAP1
3,0.10799480674853199,-0.0011080595165933356,0.022436450339396518,YAP1
4,0.41254275820627173,0.0032174399302129196,0.022436450339396518,YAP1
5,0.8294670330243785,0.00946777356918254,0.022436450339396518,YAP1
